[
    {
        "name": "Olivia",
        "birthYear": "5.02"
    },
    {
        "name": "evan",
        "birthdate": "95",
        "fortune": "Things may not always be so black and white,There are other really good colors too,A red scarf will make you more visible in the snow."
    },
    {
        "name": "olivia",
        "birthdate": "02",
        "fortune": "A strong heart and a sure soul,Is the best guidance one can have...,Google maps is pretty good too."
    },
    {
        "name": "julia",
        "birthdate": "02",
        "fortune": "A strong heart and a sure soul,Is the best guidance one can have...,Google maps is pretty good too."
    },
    {
        "name": "julia",
        "birthdate": "02",
        "fortune": "A strong heart and a sure soul,Is the best guidance one can have...,Google maps is pretty good too."
    },
    {
        "name": "julia",
        "birthdate": "02",
        "fortune": "A strong heart and a sure soul,Is the best guidance one can have...,Google maps is pretty good too."
    },
    {
        "name": "olivia",
        "birthdate": "03",
        "fortune": "A strong heart and a sure soul,Is the best guidance one can have...,Google maps is pretty good too."
    },
    {
        "name": "kayla",
        "birthdate": "98",
        "fortune": "Things may not always be so black and white,There are other really good colors too,A red scarf will make you more visible in the snow."
    },
    {
        "name": "olivia",
        "birthdate": "02",
        "fortune": "A strong heart and a sure soul,Is the best guidance one can have...,Google maps is pretty good too."
    },
    {
        "name": "olivia",
        "birthdate": "35",
        "fortune": "Treading off the beaten path...,You find yourself alone, but free...,Something lovely waits for thee...,A delicious brioche with some tea..."
    },
    {
        "name": "emma",
        "birthdate": "95",
        "fortune": "Things may not always be so black and white,There are other really good colors too,A red scarf will make you more visible in the snow."
    },
    {
        "name": "julia",
        "birthdate": "05",
        "fortune": "A strong heart and a sure soul,Is the best guidance one can have...,Google maps is pretty good too."
    },
    {
        "name": "olivia",
        "birthdate": "02",
        "fortune": "A strong heart and a sure soul,Is the best guidance one can have...,Google maps is pretty good too."
    },
    {
        "name": "james",
        "birthdate": "95",
        "fortune": "Things may not always be so black and white,There are other really good colors too,A red scarf will make you more visible in the snow."
    }
]