[
    {
        "timer": "5.18",
        "name": "Olivia"
    },
    {
        "timer": "5.139999999999935",
        "name": "playerName"
    },
    {
        "timer": "5.539999999999926",
        "name": "playerName"
    },
    {
        "timer": "6.7699999999999",
        "name": "playerName"
    },
    {
        "timer": "6.719999999999901",
        "biteCount": "176"
    },
    {
        "timer": "6.30999999999991",
        "biteCount": "176"
    },
    {
        "timer": "7.479999999999885",
        "biteCount": "176"
    },
    {
        "timer": "6.339999999999909",
        "biteCount": "176"
    },
    {
        "timer": "6.7499999999999005",
        "biteCount": "176"
    },
    {
        "timer": "5.82999999999992",
        "biteCount": "176"
    },
    {
        "timer": "5.729999999999922",
        "biteCount": "176"
    }
]